"title","positive","negative","neutral","predominante"
"Entenda o que prop√µe a PEC do fim da escala 6x1 | CNN NOVO DIA","0.1667","0.1667","0.6667","NEU"
"Escala 6x1: quais os pr√≥ximos passos da proposta que pode mudar esquema de trabalho no Brasil","0.0","0.0","1.0","NEU"
"FIM DA ESCALA 6X1","0.0294","0.6471","0.3235","NEG"
"Fim da escala 6x1: projeto domina redes sociais e pressiona deputados | SBT Brasil (11/11/24)","0.0","0.6667","0.3333","NEG"
"A PEC do FIM da ESCALA 6x1!","0.0769","0.4615","0.4615","NEG"
"Fim da escala 6x1: assinaturas necess√°rias protocolar PEC √© atingida | SBT Brasil (13/11/24)","0.0","0.0","1.0","NEU"
"Escala 6x1. Explora√ß√£o ou vadiagem?","0.0952","0.6667","0.2381","NEG"
"6x1: entenda o projeto que pede o fim da escala 6x1 | Leonardo Sakamoto","0.0","0.5","0.5","NEG"
"FIM DA ESCALA 6X1: DESMASCARANDO OS ARGUMENTOS DA DIREITA","0.1321","0.6038","0.2642","NEG"
"5 Provas que a Escala 6x1 √© melhor que a 4x3","0.25","0.5","0.25","NEG"
"ESCALA 6x1: especialistas analisam propor√ß√£o popular da discuss√£o no Brasil","0.0","0.25","0.75","NEU"
"Novidades sobre o fim da escala 6x1!","0.0","0.0","1.0","NEU"
"ESCALA 6X1 E A ROMANTIZA√á√ÉO DO SOFRIMENTO | Marcos Lacerda, psic√≥logo","0.1765","0.5882","0.2353","NEG"
"Escala 6x1 na Matrix !","0.0","1.0","0.0","NEG"
"ANALISANDO AS POL√äMICAS (E MEMES) SOBRE A ESCALA 6X1 | Diva Depress√£o","0.0909","0.5682","0.3409","NEG"
"O Fim da Escala 6 X 1","0.1429","0.5714","0.2857","NEG"
"ESCALA 6X1 #memes #escala6x1 #6x1","0.0","0.0","1.0","NEU"
"FIM DA ESCALA 6X1 APROVADO NA C√ÇMARA DOS DEPUTADOS - REDU√á√ÉO DA JORNADA DE TRABALHO","0.0","0.5","0.5","NEG"
"Erika Hilton fala √† CNN sobre PEC do fim da escala 6X1 | BASTIDORES CNN","0.2083","0.25","0.5417","NEU"
"FIM DA ESCALA 6X1: ENTENDA COMO FUNCIONA O MODELO ATUAL E O QUE PODE MUDAR!","0.0","0.0","1.0","NEU"
"ningu√©m aguenta mais a ESCALA 6x1","0.1875","0.75","0.0625","NEG"
"Feliciano defende trabalho ‚Äòat√© a exaust√£o‚Äô em comiss√£o da C√¢mara","0.5","0.0","0.5","POS"
"Se o fim da escala 6x1 for aprovado a bolsa acaba? √â o fim?","0.0909","0.5455","0.3636","NEG"
"O Fim da Escala 6x1 vai Quebrar a Economia do Brasil","0.0625","0.3125","0.625","NEU"
"Escala 6x1: senador Cleitinho diz que √© desumana: &#39;Isso n√£o √© quest√£o de ideologia&#39;","0.1538","0.4615","0.3846","NEG"
"Clarissa Oliveira: Forte nas redes, PEC contra escala 6x1 ainda engatinha | LIVE CNN","0.125","0.375","0.5","NEU"
"DEBATE QUENTE sobre a ESCALA 6X1 - ARTHUR DO VAL X ALFREDINHO","0.0","0.3529","0.6471","NEU"
"Fim da escala 6x1: Ministro do Trabalho diz que governo federal √© favor√°vel | SBT Brasil (14/11/24)","0.0","0.0","1.0","NEU"
"Fim da escala 6x1 √© &#39;bastante prejudicial&#39; ao trabalhador, diz presidente do Banco Central","0.25","0.5","0.25","NEG"
"a TRUE por tr√°s da escala 6x1","0.087","0.6522","0.2609","NEG"
"Redu√ß√£o da jornada de trabalho: PEC que acaba com a escala 6X1 est√° em debate","0.1","0.25","0.65","NEU"
"PEC pelo fim da escala 6x1 deixou &quot;bolsonarismo zonzo&quot;, analisa Josias de Souza","0.0","1.0","0.0","NEG"
"FIM DA ESCALA 6x1! #politica #beaduarte","0.0","1.0","0.0","NEG"
"FIM DA ESCALA DE TRABALHO 6x1: o que est√° sendo proposto? Como come√ßou o movimento? ESTAD√ÉO EXPLICA","0.0","0.0","1.0","NEU"
"ESCALA 6X1: FIQUE RICO OU MORRA TENTANDO - DIRETO DO FIM DO MUNDO EP 08","0.0345","0.8276","0.1379","NEG"
"Fim da escala 6x1 vai &quot;quebrar a economia&quot; ?","0.0889","0.4444","0.4667","NEU"
"&quot;Fim da escala 6x1 n√£o pode ser em uma canetada, sem discuss√£o com a sociedade&quot; | Sheila Magalh√£es","0.0","0.0","1.0","NEU"
"Debates acalorados na Camara sobre a escala 6x1","0.0","0.6667","0.3333","NEG"
"Proposta de fim da escala 6x1 de trabalho causa mobiliza√ß√£o nas redes sociais","0.0","0.1429","0.8571","NEU"
"Escala 6x1: O Que Ningu√©m Te Conta Sobre Seus Direitos e o Que Pode Mudar em Breve!","0.0","0.7273","0.2727","NEG"
"Fim da escala de 6x1: PEC tem mais de 130 assinaturas | CNN NOVO DIA","0.6667","0.0","0.3333","POS"
"Fim da escala 6x1? Veja o que pode mudar na jornada de trabalho","0.0","0.0","1.0","NEU"
"PEC pelo fim da escala 6x1 consegue assinaturas para ser protocolada na C√¢mara, diz Erika Hilton","0.0","0.0","1.0","NEU"
"Press√£o pelo fim da escala 6x1 faz n√∫mero de deputados a favor crescerem","0.0","0.3333","0.6667","NEU"
"Escala 6x1: debate sobre jornada de trabalho movimenta Congresso e redes sociais","0.0","0.5","0.5","NEG"
"Cortella e Alexandre Schwartsman analisam manifesta√ß√µes pelo fim da escala 6x1","0.0","0.6","0.4","NEG"
"Lula pede &#39;jornada de trabalho equilibrada&#39; em discurso no G20 em meio ao debate sobre escala 6x1","0.3333","0.0","0.6667","NEU"
"Como ACABAR com a ESCALA 6x1 de forma RESPONS√ÅVEL?","0.0769","0.4615","0.4615","NEG"
"DEBATE ESCALA 6X1: ARTHUR DO VAL X ALFREDINHO - Intelig√™ncia Ltda. Podcast #1377","0.0667","0.5417","0.3917","NEG"
"REFUTANDO QUEM √â CONTRA O FIM DA ESCALA 6X1 | F√ÅCIL DEMAIS","0.25","0.625","0.125","NEG"
"REDU√á√ÉO DA ESCALA 6X1 #trabalhadores #6x1 #clt #trabalho #not√≠cias","0.0","0.0","1.0","NEU"
"Gil do Vigor detona quem √© contra fim da escala 6x1: &#39;Trabalhador mais descansado √© mais produtivo&#39;","0.0","1.0","0.0","NEG"
"Arthur do Val REFUTOU Alfredinho? ESCALA 6x1 (An√°lise Metaforando)","0.1471","0.3529","0.5","NEU"
"PROJETO DE FIM DA ESCALA 6X1 √â IMPULSIONADO PELAS REDES SOCIAIS E PRESSIONA CONGRESSO NACIONAL","0.3333","0.0","0.6667","NEU"
"GAYER CHAMA PEC QUE ACABA COM ESCALA 6X1 DE PEC DO &#39;DESEMPREGO&#39;","0.1429","0.7143","0.1429","NEG"
"LUIZ FELIPE POND√â EXPLANA ESCALA 6x1, MERITOCRACIA E IMPACTO DAS REDES SOCIAIS; VEJA A √çNTEGRA","0.122","0.561","0.3171","NEG"
"Fim da escala 6x1: voc√™ √© a favor ou contra? üë∑üèΩ‚è∞ #trabalho #profiss√£o #dinheiro #neg√≥cios #shorts","0.0","0.5","0.5","NEG"
"Fala de Erika Hilton sobre escala 6x1 de Junho de 2024 viraliza ap√≥s popularidade da PEC","0.5","0.5","0.0","POS"
"Fim da Escala 6x1 e 44h Vai Destruir Algumas Empresas, Odeio 6x1, mas entenda que....","0.0","0.7857","0.2143","NEG"
"Rick Azevedo critica PT por falta de ades√£o √† PEC que pede o fim da escala 6x1: &#39;O que t√° faltando?&#39;","0.1667","0.5","0.3333","NEG"
"36 horas semanais e 4 dias de trabalho: o que diz PEC do fim da escala 6x1","0.0","0.5385","0.4615","NEG"
"Como o fim da escala 6x1 pode impactar o mercado de trabalho","0.0","0.3333","0.6667","NEU"
"FIM DA ESCALA 6X1:  √â POSS√çVEL DAR MAIS FOLGA PARA O TRABALHADOR?  | PALAVRA ABERTA","0.1304","0.2609","0.6087","NEU"
"Gustavo Uribe: Governo monitora debate sobre mudan√ßa em escala 6X1 | BASTIDORES CNN","0.3333","0.0","0.6667","NEU"
"NIKOLAS FERREIRA CRITICA PROJETO QUE ACABA COM JORNADA 6X1: ‚ÄòPROPOSTA FANTASIOSA E CHEIA DE ERROS‚Äô","0.0","0.7143","0.2857","NEG"
"Erika Hilton espera ter apoio do governo para fim da escala 6x1 | LINHA DE FRENTE","0.2","0.2","0.6","NEU"
"Eduardo Moreira: √â fundamental abra√ßar a luta pelo fim da escala 6x1 de trabalho","0.0","0.25","0.75","NEU"
"Mudan√ßa de jornada: Governo acompanha discuss√µes sobre fim da escala 6x1 | CNN PRIME TIME","0.25","0.0","0.75","NEU"
"Escala 6x1: Deputado do PT defende jornada de 36 horas e prop√µe transi√ß√£o: &#39;N√£o tem custo&#39;","0.0667","0.1333","0.8","NEU"
"A escala 6x1 vai acabar? Por que o assunto ganhou os holofotes","0.0","0.0","1.0","NEU"
"O que PRECISAMOS FAZER pra TER a ESCALA 6X1? - ARTHUR DO VAL X ALFREDINHO","0.1111","0.3889","0.5","NEU"
"Vida Al√©m do Trabalho: fim da escala 6x1 come√ßou com debate da Constitui√ß√£o | Carlos Juliano Barros","0.0","0.4667","0.5333","NEU"
"&quot;O burnout vai continuar&quot;, avalia Delmanto Junior sobre redu√ß√£o da escala 6x1","0.0","0.6667","0.3333","NEG"
"PEC contra escala 6x1: atos em apoio √† proposta acontecem ao redor do Brasil | SBT Brasil (15/11/24)","0.0","0.25","0.75","NEU"
"Pedro Duran: Pr√≥s e contras da escala 6X1 | CNN NOVO DIA","0.3333","0.0","0.6667","NEU"
"Escala 6x1: PEC pelo fim da jornada de trabalho 6x1 chega a 134 assinaturas; s√£o necess√°rias 171","0.0","0.3333","0.6667","NEU"
"AS MENTIRAS DE NIKOLAS FERREIRA SOBRE A ESCALA 6x1","0.0303","0.697","0.2727","NEG"
"TRABALHADORES DA PEPSICO FAZEM A PRIMEIRA GREVE CONTRA ESCALA 6X1 NO BRASIL","0.4","0.5","0.1","NEG"
"P√ÇNICO DISCUTE A VERDADE SOBRE A POL√äMICA ESCALA 6X1 E ANALISA TUDO!","0.2308","0.4615","0.3077","NEG"
"Bolsonaro se manifesta sobre fim da escala 6x1 e critica partidos de esquerda | O POVO NEWS","0.0","0.0","1.0","NEU"
"URGENTE: FIM DA ESCALA 6X1 EXPLICADO ENTENDA DE UMA VEZ POR TODAS","0.0","0.6154","0.3846","NEG"
"PEC contra escala 6x1: atos em apoio √† proposta acontecem ao redor do Brasil | SBT Brasil (15/11/24)","0.0","0.0","1.0","NEU"
"Escala 6x1: &quot;PEC est√° alinhada com a realidade internacional e do Brasil&quot;, diz analista l OP NEWS","0.5","0.0","0.5","POS"
"Ig√£o DISCUTE sobre FIM DA ESCALA 6X1 com PSIQUIATRA","0.1111","0.5556","0.3333","NEG"
"A ESCALA 6X1","0.0","0.0","1.0","NEU"
"FIM DA ESCALA 6X1 (COM ESTUDOS) ‚Ä¢ F√≠sica e Afins","0.0","0.5455","0.4545","NEG"
"A QUEDA DA ESCALA 6x1: LEO PICON vs ERIKA HILTON? (Precisamos falar sobre o Brasil)","0.1224","0.4898","0.3878","NEG"
"Refutando as mentiras de Nikolas Ferreira sobre o fim da escala 6x1","0.0357","0.7321","0.2321","NEG"
"Debate sobre escala 6X1 reorganizou a classe trabalhadora, diz autora da PEC | CNN 360¬∫","1.0","0.0","0.0","POS"
"NIKOLAS FERREIRA EXPLANA ESCALA 6X1, DETONA TAXAS EXCESSIVAS E QUARENTENA NA PANDEMIA; VEJA √çNTEGRA","0.0556","0.4444","0.5","NEU"
"URGENTE: A Escala 6x1 vai acabar?","0.1111","0.6667","0.2222","NEG"
"O FIM DA ESCALA 6X1 EXPLICADO","0.0","0.1667","0.8333","NEU"
"Escala 6x1: Alckmin discute teto de gasto e diz que jornada de trabalho menor √© &#39;tend√™ncia&#39;","1.0","0.0","0.0","POS"
"IA News: Funcion√°rios da Pepsico Brasil pedem fim da escala 6x1; Samy Dana analisa","0.0","0.0","1.0","NEU"
"FIM DA ESCALA 6x1 | Analisando pontos importantes","0.0","0.6667","0.3333","NEG"
"KIM KATAGUIRI SE POSICIONA CONTRA PROJETO QUE ACABA COM A ESCALA 6x1 DE TRABALHO","0.119","0.4762","0.4048","NEG"
"Empres√°rio: Como o fim da escala 6x1, neg√≥cios v√£o fechar | CNN 360¬∞","0.0","0.5","0.5","NEG"
"IAN RESPONDE: COMBATE AO RED PILL, ESPERAN√áA E ESCALA 6X1 | #16","0.2154","0.3077","0.4769","NEU"
"O FIM da Escala 6X1 NaÃÉo eÃÅ uma DiscussaÃÉo Econ√¥mica, Marxistas no Mercado Financeiro - JK Cast #204","0.0625","0.3125","0.625","NEU"
"Escala 6x1: Luana Piovani defende PEC e critica os &#39;ricos de direita&#39;: &#39;Por que n√£o t√™m compaix√£o?&#39;","0.0","0.5","0.5","NEG"
"FIM DA ESCALA 6X1 - RENATO FREITAS NA VOZ #EP5","0.0667","0.4","0.5333","NEU"
"√önico deputado do PL a apoiar PEC contra escala 6x1: &#39;Por ser da Erika Hilton, n√£o vou analisar?&#39;","0.1429","0.2857","0.5714","NEU"
"Especialista em Direito do Trabalho explica consequ√™ncias do fim da escala 6x1","0.2857","0.2857","0.4286","NEU"
"Nikolas Ferreira sobre poss√≠vel fim da escala 6x1: ‚ÄúMedida populista que gera desemprego e infla√ß√£o‚Äù","0.125","0.875","0.0","NEG"
"FIM DA ESCALA 6X1 FUNCIONARIA NO BRASIL?","0.1053","0.6842","0.2105","NEG"
"CARLA DA SUA OPINI√ÉO SOBRE A ESCALA 6X1","0.1667","0.6667","0.1667","NEG"
"PEC que pro√≠be escala 6x1 consegue 171 assinaturas | LIVE CNN","1.0","0.0","0.0","POS"
"NACIONALISTA RUB√ÉO PEDE O FIM DA ESCALA 6X1","0.1034","0.6552","0.2414","NEG"
"NEGARAM O FIM DA ESCALA 6X1!!? #clt #meme #memes #engra√ßado","0.0","1.0","0.0","NEG"
"Redu√ß√£o da jornada de trabalho: PEC que acaba com a escala 6X1 est√° em debate","0.125","0.375","0.5","NEU"
"Nikolas Ferreira critica texto de PEC contra escala 6x1: &#39;Terrivelmente elaborado&#39;, diz em v√≠deo","0.0667","0.6","0.3333","NEG"
"FIM DA ESCALA DE TRABALHO 6X1 &#39;IRIA ANULAR REFORMA TRABALHISTA&quot;, DIZ PRESIDENTE DO BANCO CENTRAL","0.0","0.0","1.0","NEU"
"ESSA √â A VERDADE SOBRE O FIM DA ESCALA 6X1","0.0667","0.6","0.3333","NEG"
"Escala 6x1: Redu√ß√£o de jornada √© tend√™ncia, mas, por meio de lei, eleva informalidade, diz Landim","0.0714","0.2143","0.7143","NEU"
"Escala 6x1: uma nova era de avalia√ß√£o no trabalho ou risco √† Justi√ßa Trabalhista?","0.0833","0.5833","0.3333","NEG"
"FIM DA ESCALA 6X1: Katia come√ßa a trabalhar no Supermercado e j√° se mete em confus√£o: CLT","0.0","0.6","0.4","NEG"
"L√âO PICON E SAMY DANA DEFENDEM ESCALA 6X1 E DETONAM MEDIDA POPULISTA","0.2857","0.5","0.2143","NEG"
"Escala 6x1: Erika Hilton fala ao vivo sobre PEC que reduz a jornada de trabalho; acompanhe","0.3478","0.2174","0.4348","NEU"
"FUI NAS RUAS PELO FIM DA ESCALA 6X1","0.0","0.4615","0.5385","NEU"
"Especialista explica pol√™micas sobre PEC contra escala 6x1: ‚ÄúAumento de custos consider√°vel‚Äù","0.3636","0.0909","0.5455","NEU"
"Gamer da ESCALA 6x1","0.0","0.0","1.0","NEU"
"Mudan√ßa na ESCALA 6X1 foi APROVADA? Veja os pr√≥ximos passos","0.0","0.0","1.0","NEU"
"TRABALHADOR EXAUSTO FAZ DESABAFO SOBRE ESCALA 6X1","0.25","0.625","0.125","NEG"
"A ESCALA 6X1 VAI ACABAR?","0.1875","0.625","0.1875","NEG"
"PEC da escala 6x1: Nikolas Ferreira √© cobrado por n√£o assinar texto","0.0","1.0","0.0","NEG"
"NIKOLAS PODE TER USADO IA PARA ATACAR FIM DA ESCALA 6X1 | PLANT√ÉO","0.0","0.25","0.75","NEU"
"Entenda a PEC que prop√µe o fim da escala 6x1","0.1","0.7","0.2","NEG"
"Fim da escala 6x1: PEC atinge assinaturas necess√°rias | Chega Mais Not√≠cias (13/11/24)","0.2","0.2","0.6","NEU"
"Desabafo REAL Sobre a Escala 6x1: Vale a Pena?","0.0857","0.6857","0.2286","NEG"
"Fim da escala 6x1 virou tema &#39;incontorn√°vel&#39; no Congresso ap√≥s press√£o da sociedade, diz Boulos","0.1333","0.4","0.4667","NEU"
"ESCALA 6x1: A ROTINA QUE DESTR√ìI MILH√ïES de BRASILEIROS (V√≠deo Irrefut√°vel)","0.2609","0.4783","0.2609","NEG"
"L√©o picon fala a favor da ESCALA 6X1","0.0882","0.7941","0.1176","NEG"
"Escala 6x1: Nikolas passa recibo e mostra debate da PEC como derrota do extremismo, diz  Sakamoto","0.0","0.6","0.4","NEG"
"O FIM DA JORNADA 6x1... TUDO O QUE VOC√ä PRECISA SABER!","0.0556","0.6111","0.3333","NEG"
"Escala 6x1 e os impactos na vida do trabalhador brasileiro | Papo R√°pido | GNT","0.1818","0.3636","0.4545","NEU"
"Escala 6x1: Com PEC, PSOL sai das cordas e consegue emplacar pauta antissistema, diz Josias de Souza","0.0","0.75","0.25","NEG"
"Fim da escala 6x1 resultar√° na troca de pessoas por m√°quinas, diz deputado do Novo","0.4","0.2","0.4","POS"
"Fim da escala 6x1 | Parte 1","0.0","1.0","0.0","NEG"
"N√ÉO TEM POBREZA QUE RESISTA A 14 HORAS DE TRABALHO (Escala 6X1)","0.0","1.0","0.0","NEG"
"Argumentos contra o fim da escala 6x1 repetem falas j√° usadas","0.0","0.0","1.0","NEU"
"Por que a proposta do fim da escala 6x1 √© a 4x3?","0.0","0.1875","0.8125","NEU"
"Manifesta√ß√µes pelo fim da escala 6x1 s√£o realizados em capitais | Primeiro Impacto (15/11/24)","0.0","0.25","0.75","NEU"
"FELIPE NETO TEVE SAL√ÅRIO DOS FUNCION√ÅRIOS VAZADOS AP√ìS DISCUTIR SOBRE ESCALA 6x1","0.0","0.6","0.4","NEG"
"Sheila Magalh√£es reage a poss√≠vel fim da escala 6x1: &quot;Tend√™ncia nas grandes economias&quot;","0.3333","0.5","0.1667","NEG"
"Bilynskyj critica PEC da escala 6x1 de Erika Hilton","0.0","0.6667","0.3333","NEG"
"PEC da escala 6x1: Deputada Erika Hilton explica proposta em entrevista exclusiva | SBT News","0.5714","0.0","0.4286","POS"
"DEUS √â CONTRA A ESCALA 6x1? OS 10 MANDAMENTOS PRO√çBEM?","0.14","0.36","0.5","NEU"
"Ministro sobre escala 6X1: √â importante que as pessoas possam ter lazer | BASTIDORES CNN","0.0","0.1429","0.8571","NEU"
"O fim da escala 6x1 e as mudan√ßas no mundo do trabalho | Prof. Raphael Reis","0.3226","0.3226","0.3548","NEU"
"üö®ALERTA: FIM DA ESCALA 6x1 COLOCAR√Å EM XEQUE OS EMPREGOS NO BRASIL?","0.0769","0.1538","0.7692","NEU"
"A ESCALA 6x1 VAI ACABAR? | PAUTA QUENTE","0.0","0.8667","0.1333","NEG"
"ECONOMISTA CALCULA QUANTO O FIM DA ESCALA 6X1 PODE CUSTAR AOS EMPRES√ÅRIOS","0.1429","0.1429","0.7143","NEU"
"A VERDADE SOBRE A ESCALA 6x1","0.0588","0.6176","0.3235","NEG"
"Proposta do fim da escala 6x1 recebe apoio popular","0.0","0.0","1.0","NEU"
"Escala 6x1: Deputado do PL critica modelo e diz que debate &quot;n√£o √© quest√£o de ideologia&quot;","0.1429","0.4286","0.4286","NEG"
"REAGINDO AS PIORES OPINI√ïES sobre ESCALA 6X1!","0.0714","0.7857","0.1429","NEG"
"FIM DA ESCALA 6x1: Any Ortiz explica sua posi√ß√£o sobre PEC | Timeline","0.0","0.2727","0.7273","NEU"
"Zema sobre escala 6x1: Deveria ficar a cargo da empresa e do trabalhador | CNN 360¬∫","0.0","0.0","1.0","NEU"
"RAIDEN √â A FAVOR DO FIM DA ESCALA 6X1","0.0","1.0","0.0","NEG"
"ESPOSA DE DEYVERSON OPINA SOBRE ESCALA 6X1: ‚ÄòSER√Å QUE A CULPA √â DO SEU CHEFE?‚Äô","0.5","0.5","0.0","POS"
"Campos Neto volta a fazer cr√≠ticas √† PEC contra escala 6x1: ‚ÄúVai contra reforma que foi feita‚Äù","0.1111","0.5556","0.3333","NEG"
"Escala 6x1: JADE PICON se posiciona ap√≥s fala POL√äMICA do irm√£o; veja v√≠deo","0.0","1.0","0.0","NEG"
"Luana Piovani se manifesta contra escala 6x1","0.0","0.5","0.5","NEG"
"Fim da escala 6x1: saiba quem √© o √∫nico deputado do PL que assinou PEC","0.0","0.0","1.0","NEU"
"A PEC do fim da ESCALA 6X1 vai ARRUINAR sua vida","0.1875","0.5625","0.25","NEG"
"üü°üîµ TRABALHO ESCALA 6x1. FEZ UM ESTRAGO NA MINHA VIDA","0.0833","0.375","0.5417","NEU"
"PEC pelo fim da escala 6x1 atinge assinaturas necess√°rias para tramitar no C√¢mara dos Deputados","0.0","0.0","1.0","NEU"
"PEC contra escala 6x1 pode n√£o conseguir 4x3, mas abre caminho para o 5x2 | Leonardo Sakamoto","0.0","0.625","0.375","NEG"
"L√©o Picon REAGE ap√≥s &#39;massacre&#39; por fala sobre ESCALA 6x1 e diz que n√£o √© contra os trabalhadores","0.0","1.0","0.0","NEG"
"PEC pelo fim da escala 6x1 divide opini√µes entre representa√ß√µes de empregadores e trabalhadores","0.0","0.0","1.0","NEU"
"GAYER CRITICA PROJETO QUE PEDE FIM DA ESCALA 6X1: ‚ÄúPEC DO DESEMPREGO‚Äù","0.1111","0.6667","0.2222","NEG"
"Jussara Soares: PEC que determina fim da escala 6x1 pressiona direita e surpreende governo | CNN 360","0.0","0.25","0.75","NEU"
"ESCALA 6X1 Saiba o que j√° est√° em vigor!","0.25","0.25","0.5","NEU"
"FIM DA ESCALA 6X1: ENTENDA A DISCUSS√ÉO!","0.0","0.1429","0.8571","NEU"
"PEC do fim da escala 6x1: Manifesta√ß√µes de apoio devem acontecer em 6 capitais | O POVO NEWS","0.5","0.0","0.5","POS"
"TRETA: A ESCALA 6X1 | AN√ÅLISES RENAIS | Renan Santos","0.1061","0.6212","0.2727","NEG"
"PEC do fim da escala 6x1 atinge assinaturas necess√°rias para tramitar","0.5","0.0","0.5","POS"
"ESCALA 6X1: Impactos no CORPO e na MENTE | ANA BEATRIZ","0.0","0.0","1.0","NEU"
"JAMAIS TRABALHE NA ESCALA 6x1","0.1667","0.0833","0.75","NEU"
"O que √© a PEC da escala 6x1","0.0","0.0","1.0","NEU"
"Feliciano sobre Escala 6x1: &quot;Nos EUA, todos trabalham at√© a exaust√£o pra ver prosperidade e riqueza&quot;","0.5","0.0","0.5","POS"
"Escala 6x1: PEC deve ter as assinaturas suficientes nesta semana, diz deputada Erika Hilton","0.3846","0.1538","0.4615","NEU"
"Fim da escala 6x1 | Entenda agora","0.0","0.6667","0.3333","NEG"
"O fim da Escala 6x1: Como essa mudan√ßa afeta Pequenos Empres√°rios e Trabalhadores","0.1429","0.3571","0.5","NEU"
"FIM DA ESCALA 6X1 NOS CONCURSOS P√öBLICOS. O que muda na pr√°tica?","0.0","0.25","0.75","NEU"
"FIM DA ESCALA 6X1 DEIXA EXTREMA DIRETA DESORIENTADA","0.125","0.375","0.5","NEU"
"Vereador eleito no Rio com proposta contra escala 6x1 celebra repercuss√£o: ‚ÄòSonhei com esse dia‚Äô","0.5","0.5","0.0","POS"
"PELO FIM DA ESCALA 6X1","1.0","0.0","0.0","POS"
"Alexandre Garcia: PEC que acaba com escala de trabalho 6x1 √© burra","0.0","0.75","0.25","NEG"
"Fim da escala 6x1 tem pr√≥s e contras; se PEC for aprovada, implementa√ß√£o tem de ser gradual | Kupfer","0.2","0.4","0.4","NEG"
"ESCALA 6x1: PAVANATO vs FEMINISTA","0.0","0.7692","0.2308","NEG"
"Fim da escala 6x1? PEC prop√µe diminui√ß√£o da jornada de trabalho","0.3333","0.5","0.1667","NEG"
"üî•Erika Hilton pauta fim da escala 6x1 e bomba nas redesüî•Nikolas Ferreira massacrado por votar contra","0.5","0.125","0.375","POS"
"Kim Kataguiri fala de escala 6x1 e governo Lula","0.0588","0.5294","0.4118","NEG"
"Escala 6x1: Vice-l√≠der da oposi√ß√£o critica PEC de Erika Hilton e prop√µe pagamento por hora","0.0","0.625","0.375","NEG"
"Humanizei a Escala 6x1 #shorts","0.0","0.0","1.0","NEU"
"Fim da escala 6x1: Entenda como funciona o modelo atual e o que PEC pode mudar","0.0","0.0","1.0","NEU"
"PEC pelo fim da escala 6x1 atinge assinaturas e j√° pode tramitar no Congresso","0.0","0.25","0.75","NEU"
"GOVERNADOR DE MINAS CRITICA CRIA√á√ÉO DE LEI PARA MUDAR ESCALA DE TRABALHO 6X1 NO BRASIL","0.2","0.0","0.8","NEU"
"Escala 6x1: Brasil est√° entre os pa√≠ses com jornada mais excessiva, diz advogada trabalhista","0.125","0.25","0.625","NEU"
"JONES MANOEL e CRISTIANO CAPOREZZO - DEBATE - FIM DA ESCALA 6x1 - PODCAST 3 IRM√ÉOS #672","0.084","0.6031","0.313","NEG"
"PEC da escala 6x1: Nikolas Ferreira diz que proposta √© &quot;terrivelmente elaborado&quot; l O POVO NEWS","0.0","0.8","0.2","NEG"
"Fim da escala 6x1 √© promover justi√ßa aos trabalhadores, defende senador Rog√©rio Carvalho","0.25","0.25","0.5","NEU"
"Quer ARRUINAR a sua vida? Trabalhe na ESCALA 6X1","0.0714","0.3571","0.5714","NEU"
"CLEITINHO E JORGE SEIF DISCUTEM SOBRE ESCALA 6X1 NO SENADO","0.1429","0.2857","0.5714","NEU"
"CLT de escala 6x1 no dia da folha #humor #shorts #comedia #6x1","0.0","0.0","1.0","NEU"
"P√ÇNICO ANALISA NOVOS DETALHES SOBRE A POL√äMICA ESCALA 6X1 E DEBATE AO VIVO!","0.2","0.3333","0.4667","NEU"
"VALE A PENA DESTRUIR SUA VIDA EM UM SUBEMPREGO? | ESCALA 6X1","0.0455","0.5909","0.3636","NEG"
"Pelo fim da escala 6x1","0.2222","0.3333","0.4444","NEU"
"Fim da escala 6x1 ganha press√£o nas redes sociais e deve ser discutida no Congresso | Central Meio","0.0526","0.4079","0.5395","NEU"
"ESCALA 6X1 #shorts #pobretambemdubla","0.0","1.0","0.0","NEG"
"PROPOSTA sobre o FIM da ESCALA 6X1","0.0","0.6667","0.3333","NEG"
"Luana Piovani critica &#39;ricos de direita&#39; e defende fim da escala 6x1: &#39;Por que n√£o tem compaix√£o?&#39;","0.0","0.5","0.5","NEG"
"DEPUTADOS QUE TRABALHAM 3X POR SEMANA EST√ÉO CONTRA O FIM DA ESCALA 6x1","0.0","0.5714","0.4286","NEG"
"Eduardo marinho, minha opini√£o sobre a escala 6x1","0.1","0.8","0.1","NEG"
"FIM DA ESCALA 6X1: EMPRES√ÅRIOS ABREM O JOGO SOBRE O FUTURO DA ECONOMIA | BRASIL √Ä BEIRA DO COLAPSO?","0.1111","0.4444","0.4444","NEG"
"Fim da escala 6x1: veja quais deputados j√° assinaram a PEC","0.0","0.0","1.0","NEU"
"SKATISTA NA ESCALA 6X1 #shorts","0.0","0.0","1.0","NEU"
"UM DIA NO MEU TRABALHO ( SUPERMERCADO,ESCALA 6X1 )","0.25","0.625","0.125","NEG"
"Governo se pronuncia sobre discuss√£o que extingue escala 6x1","0.0","0.8","0.2","NEG"
"üî•Escala 6x1 escancara perversidade da direitaüî•Nikolas √© massacradoüî•Luana Piovani e famosos postamüî•","0.0769","0.6923","0.2308","NEG"
"O GRANDE DEBATE - COMO FIM DA ESCALA 6X1 IMPACTA MERCADO DE TRABALHO? - 11/11/2024","0.0","0.0","1.0","NEU"
"ESCALA 6X1: PEC QUE QUER REDUZIR JORNADA DE TRABALHO CONSEGUE ASSINATURAS PARA SER PROTOCOLADO","0.0","0.5","0.5","NEG"
"BETTINA, A HERDEIRA VISION√ÅRIA e a ESCALA 6x1 (completo) - Murilo Moraes no Show do React","0.5","0.1667","0.3333","POS"
"COMO O FIM DA ESCALA 6X1 PODE IMPACTAR EMPRESAS E TRABALHADORES? #FN","0.1765","0.2941","0.5294","NEU"
"Varandas: Lula &quot;foge&quot; de pol√™mica sobre escala 6x1 | CNN 360¬∫","0.0","0.8","0.2","NEG"
"DAN DA DAN - FUGINDO DA ESCALA 6X1 üëπü§Ø","0.25","0.5","0.25","NEG"
"O FIM DA ESCALA 6X1 (ningu√©m quer trabalharüò¢)","0.0526","0.7368","0.2105","NEG"
"VEJA AS MANIFESTA√á√ïES PELO FIM DA ESCALA 6X1 EM BRAS√çLIA E BELO HORIZONTE","0.0","0.0","1.0","NEU"
"Meu pronunciamento na treta com Leo Picon sobre escala 6x1","0.0988","0.6667","0.2346","NEG"
"ESCALA 6X1 e fim do concurso de CARREIRA! Concurso CLT agora!","0.0","0.7143","0.2857","NEG"
"FIM DA ESCALA 6X1: ELES EST√ÉO DESESPERADOS!!!","0.3333","0.0","0.6667","NEU"
"Fim da escala 6x1: Proposta se aproxima de 150 assinaturas | O POVO NEWS","0.0","0.0","1.0","NEU"
"PAULO KOGOS TENTA EXPLICAR PORQUE √â A FAVOR DA ESCALA 6X1 | Gal√£s Feios","0.0","0.6","0.4","NEG"
"Se o fim da ESCALA 6x1 for aprovado a BOLSA acaba? √â o fim?","0.0","0.1667","0.8333","NEU"
"SUBCELEBRIDADE, MOUR√ÉO E NIKOLAS S√ÉO A FAVOR DA ESCALA 6X1 E IRRITAM SEGUIDORES | Gal√£s Feios","0.0","0.6471","0.3529","NEG"
"E ainda trabalha em escala 6x1 üò¢","0.0","0.0","1.0","NEU"
"A ESCALA 6X1 FOI ABOLIDA!?! #trabalho #clt #escala6x1","0.0","0.0","1.0","NEU"
"Trabalhadores fazem greve contra escala 6x1","0.0","0.0","1.0","NEU"
"Gustavo Gayer detona Fim da Escala 6x1 de trabalho proposta por Erika Hilton do PSOL","0.1111","0.7778","0.1111","NEG"
"PEC que prev√™ fim da escala 6x1 ainda precisa de assinaturas e agita a C√¢mara dos Deputados","0.0","0.0","1.0","NEU"
"Leo Picon volta a se pronunciar ap√≥s pol√™mica da escala 6x1","0.0","0.6667","0.3333","NEG"
"Escala 6x1 vai acabar?  Governistas querem 3 dias de folga na semana","0.1042","0.5208","0.375","NEG"
"ADEUS ESCALA 6X1, ADEUS SUPERMERCADO : PEDI DEMISS√ÉO !!","0.2273","0.2273","0.5455","NEU"
"Escala 6x1 - O Jovem quer SABER!!!","0.1","0.7","0.2","NEG"
"Trabalhadora em escala 6x1 explica por que apoia PEC: &#39;Quero criar mem√≥rias com a minha filha&#39;","0.125","0.25","0.625","NEU"
"MOVIMENTO VAT E O FIM DA ESCALA 6x1 | Gustavo Gaiofato","0.0","0.3889","0.6111","NEU"
"Fim da Escala 6x1: Nikolas Ferreira detonado nas Redes Sociais","0.0","0.8","0.2","NEG"
"PEC do fim da escala 6x1 √© uma farsa","0.0455","0.5","0.4545","NEG"
"PELO FIM DA ESCALA 6X1! PAUTA GANHA REDES SOCIAIS! Hora de PRESSIONAR","0.05","0.5","0.45","NEG"
"SEU OSMAR E A ESCALA 6X1 DO ROBERTO ELE TA CANSADO DE TRABALHAR TENTE N√ÉO RIR ü§£ #humor #memes ü§†","0.1667","0.5","0.3333","NEG"
"FIM DA ESCALA 6X1 !","0.0","0.9231","0.0769","NEG"
"Cau√™ Moura e Load Comics falando BOSTA sobre a ESCALA 6X1","0.0","0.7333","0.2667","NEG"
"Senador Cleitinho (PL-MG) discursa em apoio a PEC do fim da escala 6x1 | O POVO NEWS","0.0","0.6667","0.3333","NEG"
"PELO FIM DA ESCALA 6X1 ‚úä","0.6667","0.0","0.3333","POS"
"MEMES pra te AJUDAREM na ESCALA 6x1 - Cinema dos MEMES","0.2222","0.4444","0.3333","NEG"
"A campanha do Brasil 247 para manter a escala 6x1","0.1429","0.381","0.4762","NEU"
"FIM DA ESCALA 6x1 PODE DESTRUIR A ECONOMIA BRASILEIRA","0.1818","0.3636","0.4545","NEU"
"Erika Hilton rebate Nikolas Ferreira sobre escala 6x1: &#39;Quem tem coragem de debater assina a PEC&#39;","0.0","1.0","0.0","NEG"
"O DESABAFO DE UM TRABALHADOR ESCALA 6X1","0.0769","0.3846","0.5385","NEU"
"Escala 6x1: Como surgiu o debate sobre o assunto? #trabalhadores #6x1 #direitostrabalhistas","0.0","0.0","1.0","NEU"
"Proibir a escala 6x1: est√£o te enganando!","0.0667","0.7","0.2333","NEG"
"ESCALA 6x1: INTERNET VIRALIZA V√çDEO DE FELICIANO E MONARK QUE PARECE COISA DO S√âCULO 19 | Cortes 247","0.0","0.6","0.4","NEG"
"A ESCALA 6X1 TEM QUE ACABAR?","0.0","0.8095","0.1905","NEG"
"escala 6x1","0.0","1.0","0.0","NEG"
"PEC do fim da escala 6x1 atinge 194 assinaturas; veja quais deputados assinaram l O POVO NEWS","0.0","0.0","1.0","NEU"
"ESCALA 6x1: Ser√° o fim desse modelo de trabalho?","0.0","0.0","1.0","NEU"
"UM DESABAFO da ESCALA 6X1","0.0833","0.6667","0.25","NEG"
"ESCALA 6x1","0.5","0.0","0.5","POS"
"NANDO MOURA CONTRA A ESCALA 6X1","0.0","0.9375","0.0625","NEG"
"ENTENDA A POL√äMICA SOBRE A PROPOSTA DO FIM DA ESCALA 6X1","0.375","0.2708","0.3542","POS"
"‚ÄúSurpreendente projeto da escala 6x1 ter ganhado essa dimens√£o‚Äù, afirma Trindade","0.3333","0.3333","0.3333","POS"
"Entrevista: Nikolas Ferreira e a escala 6x1","0.0","0.5385","0.4615","NEG"
"MILION√ÅRIO, IRM√ÉO DE JADE PICON, SE REVOLTA CONTRA O FIM DA ESCALA 6x1 | PLANT√ÉO","0.0","0.8","0.2","NEG"
"O POVO FALA: FIM DA ESCALA 6X1, QUAL A OPINI√ÉO DO TRABALHADOR?","0.125","0.4375","0.4375","NEG"
"SENADOR DE EXTREMA DIREITA √â CONTRA ESCALA 6X1 E A FAVOR DOS TRABALHADORES | Gal√£s Feios","0.0","0.6667","0.3333","NEG"
"Escala 6x1: eu sou contra!","0.0","0.75","0.25","NEG"
"ESCALA 6X1 N√ÉO √â VIDA! PRECISAMOS FALAR SOBRE ISSO","0.1364","0.7727","0.0909","NEG"
"Como tankar a escala 6x1 #gaming #shorts","0.0","0.0","1.0","NEU"
"Escala 6x1: Centr√£o tenta derrubar ofensiva pelo fim do modelo com &#39;PEC do Ganho por Hora&#39; | Matais","0.1111","0.4444","0.4444","NEG"
"Pelo fim da escala 6x1","0.0","1.0","0.0","NEG"
"Destruindo as mentiras de Kim Kataguire sobre o fim da escala 6x1","0.04","0.68","0.28","NEG"
"Escala 6x1: PEC chega a 134 assinaturas; morte de delator do PCC, Mauro Vieira ao vivo e+|  UOL News","0.0915","0.4085","0.5","NEU"
"Escala 6x1 | #humor","0.0","1.0","0.0","NEG"
"PEC de Erika Hilton (PSOL/SP) pelo fim da escala 6x1 avan√ßa; press√£o sobre deputados √© fundamental","0.0","0.0","1.0","NEU"
"escala 6x1","0.0","0.0","1.0","NEU"
"Fim da escala 6x1 e a jornada de trabalho","0.1667","0.3333","0.5","NEU"
"Escala 6x1: A Escravid√£o dos Tempos Modernos!","0.0","0.7778","0.2222","NEG"
"PEC contra escala 6x1; militares x corte de gastos; avalia√ß√£o do governo Lula cai e mais ao vivo","0.1224","0.398","0.4796","NEU"
"Fim da escala 6x1: Entenda projeto apresentado por Erika Hilton que agita redes sociais |O POVO NEWS","0.0","0.0","1.0","NEU"
"Pelo fim da escala 6x1","0.0","0.0","1.0","NEU"
"ESCALA 6X1: A VERDADE QUE NING√âM TE CONTA","0.0323","0.7419","0.2258","NEG"
"NIKOLAS FERREIRA DETONA FIM DA ESCALA 6X1: ‚ÄúMEDIDA POPULISTA QUE GERA DESEMPREGO E INFLA√á√ÉO‚Äù","0.125","0.875","0.0","NEG"
"Dr. √© verdade que vai acabar a escala 6x1?","0.0","0.0","1.0","NEU"
"Michael Jackson √â SINCERO sobre a ESCALA 6x1","0.0","0.3333","0.6667","NEU"
"DK47 fala sobre ESCALA 6x1 e d√° SALVE nos RAPPERS","0.2105","0.5789","0.2105","NEG"
"POR QUE acabar com a JORNADA 6x1? Advogado comenta A PEC DO FIM DA ESCALA 6X1","0.1667","0.3333","0.5","NEU"
"ZEUS REAGE: O PROBLEMA S√ÉO VOC√äS E N√ÉO A ESCALA 6X1!","0.1818","0.4091","0.4091","NEG"
"FIM DA ESCALA 6X1 COM REDU√á√ÉO DE JORNADA DE TRABALHO - APROVA√á√ÉO PELOS DEPUTADOS FIM DA ESCALA 6X1","0.0","0.1667","0.8333","NEU"
"Felipe Neto, L√©o Picon, Luana Piovani, Popozuda e mais famosos se manifestam sobre fim da escala 6x1","0.0","0.75","0.25","NEG"
"Fim da escala 6x1 #escala6x1 #6x1 #fimdaescala6x1 #pedreiro #constru√ß√£o","0.0","1.0","0.0","NEG"
"SA√ç DO MEU EMPREGO/ ADEUS ESCALA 6x1.","0.3333","0.0","0.6667","NEU"
"PEC do Fim da Escala 6x1: O Que Muda para os Trabalhadores?","0.0","0.25","0.75","NEU"
"A vida da pessoa que √© a favor da escala 6x1","0.5","0.0","0.5","POS"
"E a√≠, galera? Fim da escala 6x1! O que vamos fazer agora?","0.5","0.3333","0.1667","POS"
"A DEPRESS√ÉO de Trabalhar na ESCALA 6x1","0.1111","0.6667","0.2222","NEG"
"EXTREMA DIREITA TENTA SEQUESTRAR PAUTA DO FIM DA ESCALA 6X1 | Gal√£s Feios","0.125","0.5","0.375","NEG"
"A REALIDADE DA ESCALA 6x1! #ruyter #ruyterpoubel","0.0","0.0","1.0","NEU"
"O FIM DA ESCALA 6X1 | NIKOLAS FERREIRA |","0.0","1.0","0.0","NEG"
"Escala 6x1  ..Sabe de nada kkkkk #portugal#trabalharemportugal #trabalho #6x1 #clt  #humor","0.0","0.0","1.0","NEU"
"Escala 6x1 - o que n√£o te contaram","0.0","0.625","0.375","NEG"
"O fim da escala 6x1 √© uma oportunidade pol√≠tica √∫nica (e o governo t√° vacilando)","0.0769","0.7692","0.1538","NEG"
"AP√ìS VIRALIZAR NAS REDES SOCIAIS, PROTESTOS POR FIM DA ESCALA 6X1 PASSA POR PRIMEIRO TESTE NAS RUAS","0.0","0.0","1.0","NEU"
"A ESCALA 6x1 TEM QUE ACABAR - MURILO REAGE (Cortes da Live do Suco de Brasil)","0.0811","0.4595","0.4595","NEG"
"O QUE N√ÉO TE CONTAM SOBRE O FIM DA ESCALA 6X1?","0.0","0.5","0.5","NEG"
"TOSHI E MAKO SUPERAR√ÉO A ESCALA 6X1? | Fast Food Simulator","0.0769","0.5385","0.3846","NEG"
"Pelo fim da escala 6x1","0.5","0.0","0.5","POS"
"pec do fim da escala 6x1: ser√° que funciona?","0.2","0.6","0.2","NEG"
"NATHAN M.B.C. MANDA A REAL SOBRE A ESCALA DE TRABALHO 6X1 (VAT: MOVIMENTO VIDA AL√âM DO TRABALHO)","0.1316","0.7632","0.1053","NEG"
"PELO FIM DA ESCALA 6x1: Nacionalismo e a defesa da Fam√≠lia, da F√© e do Trabalhador Nacional!","0.6667","0.3333","0.0","POS"
"Ser√° o fim da escala 6x1? O que muda? A bolsa vai acabar? - com Ben Zruel","0.0","0.6","0.4","NEG"
"FIM DA ESCALA 6x1: por que esse tipo de trabalho tem que acabar?","0.1765","0.5882","0.2353","NEG"
"Afinal, o que √© a Escala 6x1 ? #noticias #direitotrabalho #escala6x1 #6x1 #pec  #direitotrabalhador","0.0","0.0","1.0","NEU"
"Escala 6x1 em Debate: Famosos como Leo Picon, Jade, Luana Piovani e Gil do Vigor opinam sobre a PEC","0.0","0.6","0.4","NEG"
"Fiz uma compara√ß√£o da escala 6X1 do trabalhador com a do pol√≠tico.","0.0","0.0","1.0","NEU"
"ESCALA 6X1 NO CHIPANZIL NUNCA VAI ACABAR!!","0.0556","0.5556","0.3889","NEG"
"A TRAG√âDIA DO HOMEM CLT E O FIM DA ESCALA 6X1","0.0769","0.6154","0.3077","NEG"
"Jornal Acontece: Audi√™ncia P√∫blica pelo fim da escala 6x1","0.3333","0.0","0.6667","NEU"
"FIM DA ESCALA 6x1 #hamletpng #shorts","0.0","1.0","0.0","NEG"
"tem como fazer a ESCALA 6X1 ser MENOS PIOR?","0.2222","0.6667","0.1111","NEG"
"A maioria do povo brasileiro quer o fim da escala 6x1","0.125","0.3125","0.5625","NEU"
"Trabalhe na escala 6x1 e morra de trabalhar (ganhando um sal√°rio m√≠nimo)","0.0612","0.6531","0.2857","NEG"
"Assine a peti√ß√£o pra acabar com a escala 6x1, link nos coment√°rios #punkbrasil #escala6x1 #memes","0.0","0.0","1.0","NEU"
"Como SAIR da ESCALA 6X1 para sempre","0.0984","0.2951","0.6066","NEU"
"tentando SER FELIZ mesmo na ESCALA 6X1! #curiosidades #trabalho","1.0","0.0","0.0","POS"
"SUPER XAND√ÉO SOLTA O VERBO SOBRE A ESCALA 6X1","0.0909","0.8182","0.0909","NEG"
"FIM DA ESCALA 6X1: VALE A PENA PARA O EMPRES√ÅRIO? | CORTES","0.0732","0.439","0.4878","NEU"
"Enquanto a sociedade discute a escala 6X1, extrema direita pauta novamente fim do aborto legal","0.4","0.6","0.0","NEG"
"MBL EXP√ïE VERDADE INCONVENIENTE SOBRE ESCALA 6X1 | Cortes do @MBLiveTV","0.1818","0.5455","0.2727","NEG"
"FIM DA ESCALA 6X1: ENTENDA A PROPOSTA ABSURDA QUE PODE DESTRUIR O BRASIL!","0.1111","0.6667","0.2222","NEG"
"A ESCALA 6x1 PRECISA ACABAR? (esse v√≠deo exp√µe nossa mis√©ria)","0.0588","0.5294","0.4118","NEG"
"Michael e a escala 6x1 üòÇ #michaeljackson  #lord  #podcast  #flowpodcast  #cortes  #humor","0.0","1.0","0.0","NEG"
"Do Sofrimento ao FIM da ESCALA 6x1 com Luide Matos e Jo√£o Carvalho por Vida Al√©m do Trabalho","0.25","0.4545","0.2955","NEG"
"J√° assinou a peti√ß√£o contra a escala 6x1? #memes #punkbrasil #vat #movimentovidaalemdotrabalho #punk","0.0","0.0","1.0","NEU"
"O fim da escala 6x1 √© urgente!","1.0","0.0","0.0","POS"
"Relatora afirma que impactos negativos da escala 6x1 n√£o foram calculados","0.0625","0.6875","0.25","NEG"
"üî¥ AO VIVO: PEC contra escala 6x1 tem apoio do PT de Lula e pressiona direita pr√≥-Bolsonaro | OP News","0.25","0.1429","0.6071","NEU"
"5 RISCOS da ESCALA 6x1 | DANDO O FURO","0.0909","0.7273","0.1818","NEG"
"TREZOITAO √â A FAVOR DA ESCALA 6X1?","0.0","0.0","1.0","NEU"
"Fim da escala 6x1? Deputados federais discutem PEC contra jornada | Conversas Cruzadas | 12/11/2024","0.2045","0.4318","0.3636","NEG"
"SACANI MANDA A REAL SOBRE PEC CONTRA ESCALA 6X1","0.0","0.7333","0.2667","NEG"
"ECONOMISTA EXPLICA: ESCALA 6X1 DEVE ACABAR | CORTES","0.1034","0.4138","0.4828","NEU"
"Luiz Philippe explica por que √© contra o fim da escala 6x1","0.0","1.0","0.0","NEG"
"ABRASEL: PEC DA ESCALA 6X1 √â ESTAPAF√öRDIA / STF JULGA RECURSO DE COLLOR | LINHA DE FRENTE 12/11/2024","0.0319","0.6064","0.3617","NEG"
"Lado B do Rio #328 ‚Äì Contra a escala 6x1, com Rick Azevedo (PSOL-RJ)","0.2875","0.4","0.3125","NEG"
"O FIM DA ESCALA 6X1 √â UMA UTOPIA NO BRASIL!","0.0","0.4444","0.5556","NEU"
"Essa escala 6x1 eu n√£o aguento mais #shorts #drama","0.0","1.0","0.0","NEG"
"ESCALA 6X1 / CLT E A ESCRAVID√ÉO MODERNA","0.25","0.5","0.25","NEG"
"FIM DA ESCALA 6X1: os pr√≥s, os contras e tramita√ß√£o no Congresso | Ga√∫cha Atualidade | 13/11/2024","0.1739","0.2717","0.5543","NEU"
"PASTOR CONDENA FIM DA ESCALA 6X1 | CORTES","0.0588","0.7059","0.2353","NEG"
"PATRULHA CLT E A ESCALA 6X1","1.0","0.0","0.0","POS"
"CEROL DAR SUA OPINI√ÉO SOBRE A ESCALA 6X1","0.3333","0.3333","0.3333","POS"
"FIM DA ESCALA 6X1","0.2","0.8","0.0","NEG"
"ARTHUR DO VAL DETONA PEC DA ESCALA 6x1| E Detalhe | Arthur do Val","0.1216","0.2297","0.6486","NEU"
"VOC√ä APOIA A ESCALA 6x1? #chefe #humor #esposa","0.5","0.5","0.0","POS"
"ESCALA 6X1: N√ÉO √â O √öNICO PROBLEMA | CORTES","0.0714","0.7619","0.1667","NEG"
"DESABAFO DA ESCALA 6X1","0.0667","0.3333","0.6","NEU"
"pelo fim da escala 6x1: chega!","0.0588","0.8235","0.1176","NEG"
"JOVEM PAN ACOLHE L√âO PICON AP√ìS MASSACRE SOBRE ESCALA 6x1: &quot;A GENTE TEM QUE ENTENDER O EMPRES√ÅRIO&quot;","0.0","0.6667","0.3333","NEG"
"BOLSONARO NA MIRA / ONDA CONSERVADORA NO MUNDO / FIM DA ESCALA 6X1? - OS PINGOS NOS IS 11/11/2024","0.0602","0.6265","0.3133","NEG"
"ESCALA 6X1: COMO √â TRABALHAR NO SUPERMERCADO","0.0556","0.7222","0.2222","NEG"
"Noubari - escala 6x1","0.0","0.5","0.5","NEG"
"Fim da escala 6x1","0.0952","0.619","0.2857","NEG"
"CLT e a ESCALA 6X1 - Fuja Disso!","0.0","0.8462","0.1538","NEG"
"Fim da escala 6x1","0.0","1.0","0.0","NEG"
"ZEUS REAGE: A ESCALA 6X1 VAI ACABAR COM A BOLSA","0.1463","0.7073","0.1463","NEG"
"A escala 6x1 vai continuar e n√£o haver√° mudan√ßas","0.1","0.8","0.1","NEG"
"A verdade sobre CLT e a escala 6x1(as empresas n√£o querem que voc√™ saiba disso)","0.0","0.4","0.6","NEU"
"JOGADORES E A ESCALA 6x1 ü§£ #Shorts #Futebol","0.0","1.0","0.0","NEG"
"üö® TODA VERDADE SOBRE ESCALA 6X1 | Eduardo Marinho","0.0","1.0","0.0","NEG"
"Fim da escala 6x1 proposta de Erika Hilton, @NikolasFerreiraO √© Cobrado e VOC√ä TRABALHADOR?","0.1429","0.5714","0.2857","NEG"
"ESCALA 6x1","0.0","0.5","0.5","NEG"
"2 passos para TANKAR e SAIR da ESCALA 6x1","0.125","0.5","0.375","NEG"
"SOBRE O FIM DA ESCALA 6X1... O BURACO √â MAIS EMBAIXO","0.1852","0.6296","0.1852","NEG"
"CLT | S√ì IDIOTAS RECLAMAM DA ESCALA 6X1","0.0909","0.5909","0.3182","NEG"
"ESCALA 6x1 #shorts","0.0","1.0","0.0","NEG"
"ARTHUR DO VAL DETONA ESCALA 6X1 | Cortes do @MBLiveTV","0.0513","0.3846","0.5641","NEU"
"MELHORES MOMENTOS - DEPUTADOS DIVERGEM ESCALA 6X1","0.0","1.0","0.0","NEG"
"FIM DA ESCALA 6X1: PROJETO OU PROPAGANDA? | Magna Carta | AO VIVO","0.0962","0.4615","0.4423","NEG"
"3 trabalhos para fugir da escala 6x1 #trabalho#work#escala#6x1","0.0","1.0","0.0","NEG"
"1¬∞ DE MAIO! PELO FIM DA ESCALA 6x1!","0.5","0.0","0.5","POS"
"ADEUS ESCALA 6X1: POR QUE EU PEDI DEMISS√ÉO DO MEU EMPREGO?","0.0","0.85","0.15","NEG"
"Escala 6x1","0.0","1.0","0.0","NEG"
"RENAN FALANDO SOBRE A ESCALA 6X1 KKKKKKKKKKKKKKKKKKKKKKKKKKKKKKKKKKKKKKKKKKKKKK","0.0","0.8333","0.1667","NEG"
"Escala 6x1: Por Que N√£o Tenho Escolha","0.1818","0.1818","0.6364","NEU"
"MAM√ÉE FALEI DEBATE CONTRA ESCALA 6X1 | CORTES","0.0462","0.7077","0.2462","NEG"
"FIM DA ESCALA 6X1","0.0417","0.5","0.4583","NEG"
"A Escala 6x1 n√£o √© sua Verdadeira Inimiga","0.1667","0.5","0.3333","NEG"
"L√©o Picon defende escala 6x1 e internautas relembram oq ele fez com Brino, Tiago responde Petry","0.1765","0.5882","0.2353","NEG"
"Nikolas Ferreira exp√µe verdade por tr√°s do Fim da Escala 6x1 de Erika Hilton do Psol","0.0667","0.8","0.1333","NEG"
"NEYMAR SE POSICIONA  SOBRE A ESCALA 6X1 #escala6x1 #neymar #viralvideo #ia #santos","0.0","1.0","0.0","NEG"
"Escala 6x1 em discuss√£o na C√¢mara: Como a esquerda vai desempregar ainda mais brasileiros.","0.125","0.6562","0.2188","NEG"
"Esse patr√£o √© b√£o mesmo #humor #escala #6x1","0.0","0.0","1.0","NEU"
"Cleitinho confronta aliados e quer Fim da Escala 6x1- Nikolas Ferreira rebate cr√≠ticas","0.0833","0.5","0.4167","NEG"
"Fim da escala 6x1 e o Deputado Marco Feliciano","0.1538","0.6923","0.1538","NEG"
"Como sair da escala 6x1 e come√ßar no Youtube (sem passar fome)","0.25","0.0","0.75","NEU"
"Fim da escala 6x1","0.0","0.5","0.5","NEG"
"Ser√° o fim da escala 6x1? #empreendendor #neg√≥cios #empresario #vendas #empresas #direitotrabalhista","0.0","0.5","0.5","NEG"
"A escala 6x1 tem que acabar no BOSTIL!","0.0","0.8571","0.1429","NEG"
"Posicionamento dos famosos sobre o fim da escala 6x1 üò±","0.0","0.0","1.0","NEU"
"Escala 6x1","0.0","0.0","1.0","NEU"
"Faz tempo que eu n√£o trabalho na escala 6x1, mas lembro como era ruim. N√£o desejo pra ningu√©m! #6x1","0.0","1.0","0.0","NEG"
"ESCALA 6X1: O INESPERADO DEBATE ENTRE COMUNISTA E DEPUTADO CONSERVADOR | CORTES","0.0526","0.6316","0.3158","NEG"
"FIM DA ESCALA 6x1","0.0","0.0","1.0","NEU"
"DEU BRIGA: Nikolas, Bolsonaro, Cleitinho e Escala 6x1","0.1765","0.5294","0.2941","NEG"
"PROPOSTA DE REDU√á√ÉO DA JORNADA E FIM DA ESCALA 6X1 GERA PREOCUPA√á√ïES NO CONGRESSO","0.0","0.0","1.0","NEU"
"Marco Feliciano √© contra o fim da escala 6x1","0.3333","0.6667","0.0","NEG"
"VOC√ä √â CONTRA A ESCALA 6x1? ü§î #shorts #short #escala6x1 #escala6x1n√£o #6x1 #clt  #trabalho #viral","0.0","1.0","0.0","NEG"
"Estou revoltado! com essa escala 6x1 (O in√≠cio de tudo)","0.0","1.0","0.0","NEG"
"TRABALHAR NA ESCALA 6X1 VAI ARRUINAR SUA VIDA? (1 DE 2) - REACT @mbcnate","0.1333","0.6","0.2667","NEG"
"√â o fim da escala 6x1?","0.0","1.0","0.0","NEG"
"Escala 6x1","0.0","0.0","1.0","NEU"
"REVOLU√á√ÉO TRABALHISTA! Jones Manoel vs. Caporezzo: O Fim da Escala 6x1","0.0714","0.6429","0.2857","NEG"
"Folga?? üòÖ#moto #escala #6x1 #trabalho #fimdaescala6x1 #motoboy #clt #video #videoshort","0.0","0.0","1.0","NEU"
"Escala 6x1 #shorts  #cama√ßari #6x1 #Escala6x1","0.0","0.0","1.0","NEU"
"Escala 6x1 tem que acabar!... #fimescala6x1 #clt #trabalhador #6x1","0.0","0.0","1.0","NEU"
"E quem n√£o √© a favor do fim da escala 6x1?","0.0","0.0","1.0","NEU"
"A ESCALA 6X1 TEM QUE ACABAR? ACABOU A ANISTIA DO 8 DE JANEIRO? e mais...  - #452","0.0665","0.577","0.3565","NEG"
"Escala 6x1??? #escala #6x1 #policialmilitar #policia #police #exercito #trabalho #clt","0.0","0.0","1.0","NEU"
"FIM DA ESCALA 6X1 #FIMDAESCALA6X1 #6X1","0.0","0.0","1.0","NEU"
"Escala 6x1 tem que acabar, os piores argumentos.","0.0476","0.8571","0.0952","NEG"
"EDUARDO BOLSONARO √â DETONADO PELOS PR√ìPRIOS ELEITORES, FIM DA ESCALA 6X1 - EMBOLADA","0.25","0.5","0.25","NEG"
"DESABAFO ESCALA 6X1: A REALIDADE DOS TRABALHADORES BRASILEIROS! | REACT. Luideverso","0.1905","0.6667","0.1429","NEG"
"BOLSONARO CONTRA O FIM DA ESCALA 6X1 #noticias #canaldenot√≠cia","0.0","0.0","1.0","NEU"
"Fim da escala 6X1","0.0","1.0","0.0","NEG"
"Escala 6x1 voce concorda? #6x1 #escala5x2 #clt #trabalho","0.5","0.5","0.0","POS"
"Nikolas Ferreira √© contra o fim da escala 6x1 ü§¶üèª‚Äç‚ôÇÔ∏è #nikolasferreira #pec #shorts #politica #brasil","0.5","0.5","0.0","POS"
"Fim da escala 6x1! Trabalhadores unidos!","0.6667","0.0","0.3333","POS"
"Escala 6x1 ESCRAVID√ÉO moderna! (Jovem fuja disso)","0.0","0.8182","0.1818","NEG"
"FIM DA ESCALA 6X1 #6x1 #escala6x1 #clt","0.0","0.0","1.0","NEU"
"BOLSONARO SE PRONUNCIA SOBRE FIM DA ESCALA 6X1","0.1053","0.4737","0.4211","NEG"
"ABSURDO! Proposta de Erika Hilton para escala 6x1 avan√ßa sem calcular riscos econ√¥micos!","0.0","0.8889","0.1111","NEG"
"EU SAI DA ESCALA 6X1 (TROQUEI DE EMPREGO)","0.625","0.25","0.125","POS"
"Escala 6x1 - Parte 1  #humor #cenas #comedia #6x1 #escala6x1","0.0","0.0","1.0","NEU"
"ESCALA 6x1 (DJ MAK O MAESTRO) x (WEEDBOYZ)","0.0","0.0","1.0","NEU"
"Sai da escala 6x1 e vem pra 7x7‚Ä¶ #escala #trabalho #empreendedorismo","0.0","1.0","0.0","NEG"
"Escala 6x1 - parte 2 #humor #cenas #comedia #6x1 #escala6x1","0.0","0.0","1.0","NEU"
"A√≠ tu t√° vacilando #humor #escala #6x1","0.0","1.0","0.0","NEG"
"Fim da escala 6x1 - SP","0.0","0.0","1.0","NEU"
"O QUE RENAN ACHA DA ESCALA 6X1 ??","0.0","0.0","1.0","NEU"
"Escala 6x1","0.0","0.0","1.0","NEU"
"A escala 6x1 √© desumana! - Pt 2 @paulovcoach #paulovieiracortes #clt #6x1 #escala6x1 #trabalho","0.0","1.0","0.0","NEG"
"ESCALA 6X1 √â A ESCRAVID√ÉO MODERNA DO SECULO XXI ?? [REACT]","0.1","0.6667","0.2333","NEG"
"CIRO GOMES FALA SOBRE O FIM DA ESCALA 6X1 / PROCESSO DE PRIS√ÉO DO BOLSONARO E MUITO MAIS - NEWS 70","0.0476","0.7619","0.1905","NEG"
"Escala 6x1","0.0","0.0","1.0","NEU"
"VENDI MEU PC E AGORA VOU VIRAR CLT NA ESCALA 6X1 #fyb #bancos #clt #6x1","0.0","1.0","0.0","NEG"
"Escala 6X1 #direito #escala6x1 #6x1 #bolsonaro #lula #direita #esquerda #trabalho #trabalhadores","0.0","0.0","1.0","NEU"
"FIM da ESCALA 6x1. A VERDADE REVEL4DA!","0.0","0.9333","0.0667","NEG"
"FIM DA ESCALA 6x1","0.0952","0.619","0.2857","NEG"
"MAMAEFALEI FOI REFUTADO CONTRA A ESCALA 6X1 | Cortes do @MBLiveTV","0.0263","0.4737","0.5","NEU"
"ESCALA 6x1 EST√Å ME FOD*ND# #clt #6x1 #trabalho","0.0","0.0","1.0","NEU"
"ESCALA 6X1 | S√ì IDIOTAS E IMBECIS RECLAMAM DISSO","0.0","1.0","0.0","NEG"
"A #enfermagem #escala #6x1  #trabalho #plantao #natal #anonovo","0.0","0.0","1.0","NEU"
"6X1 - A ESCALA DE TRABALHO DO INFERNO","0.25","0.625","0.125","NEG"
"FIM DA ESCALA 6x1 Entrevista com Ernani Gragnanello Vereador do PT Eleito em Mogi Mirim","0.5","0.0833","0.4167","POS"
"Escala 6x1 part2","0.0","1.0","0.0","NEG"
"Fim da Escala 6X1","0.0","0.0","1.0","NEU"
"A ESCALA 6x1 EST√Å ACABANDO COM VOC√ä?","0.0","0.6667","0.3333","NEG"
"Novo!! PAINEL ESCALA 6X1 üòà PACK SENSI YQUEFFX - SENSI GT BLACKK - SENSIBILIDADE FREEFIRE","0.1","0.0","0.9","NEU"
"A escala 6x1 √© o pior erro do bostil","0.0","1.0","0.0","NEG"
"Escala 6x1  #escala6x1","0.0","1.0","0.0","NEG"
"ESCALA 6X1 - ONE PIECE LUFFY N√ÉO AGUENTO A JORNADA DE TRABALHO #shorts #6x1","0.0","0.0","1.0","NEU"
"O que n√£o te contaram sobre o FIM DA ESCALA 6x1","0.1176","0.4118","0.4706","NEU"
"Desabafo de um jovem trabalhador na escala 6x1","0.0","0.5714","0.4286","NEG"
"Fim da escala 6x1 e o come√ßo da escala MeninoNey (Neymar)","0.6667","0.0","0.3333","POS"
"Escala 6x1","0.0","1.0","0.0","NEG"
"Por que a PEC da escala 6x1 √© uma üí©: Explicando cada trambique e cilada na PEC do 6x1","0.1186","0.678","0.2034","NEG"
"Escala 6x1 vale a pena? #6x1 #escala6x1","0.0","1.0","0.0","NEG"
"Fim da escala 6x1 #escala6x1","0.0","0.0","1.0","NEU"
"ESCALA 6x1: PAVANATO vs FEMINISTA #6x1 #pavanato #entertainment #escala #feminista","0.0","0.5","0.5","NEG"
"Escala 6X1 üò∞#6x1","0.0","1.0","0.0","NEG"
"SUPER XAND√ÉO REAGINDO A Escala 6x1  O Jovem quer SABER!!!","0.0","1.0","0.0","NEG"
"Pelo fim da escala 6x1","0.0","1.0","0.0","NEG"
"Escala 6x1.   #6x1 #clt","0.0","0.0","1.0","NEU"
"ESCALA 6x1: PAVANATO vs FEMINISTA #6x1 #pavanato #entertainment #escala #feminista","0.0","1.0","0.0","NEG"
"#noticias #escala #6x1 #pec #constituicaofederal #fim","0.0","0.0","1.0","NEU"
"DEU ERRADO! Vexame escancarado sobre o fim da escala 6x1","0.0","0.9","0.1","NEG"
"ESCALA 6x1: PAVANATO vs FEMINISTA #feminista #entertainment #escala #pavanato #6x1","0.0","0.0","1.0","NEU"
"Saia da escala 6x1 #escala6x1 #6x1 #clt #jornadadetrabalho","0.0","1.0","0.0","NEG"
"Cerol fala sobre a Escala 6x1 Deve ou n√£o deve acabar ? #cerol #escala #6x1 #clt","0.0","1.0","0.0","NEG"
"ESCALA 6x1 ü•µü•±üèÉ‚Äç‚ôÇÔ∏è‚è±Ô∏è #humor #comedia #escala6x1 #6x1","0.0","0.0","1.0","NEU"
"Fim da escala 6x1","0.0","1.0","0.0","NEG"
"ESCALA 6x1: PAVANATO vs FEMINISTA #entertainment #feminista #pavanato #6x1 #escala","0.0","1.0","0.0","NEG"
"ESCALA 6x1: PAVANATO vs FEMINISTA #feminista #entertainment #escala #pavanato #6x1","0.0","1.0","0.0","NEG"
"As formigas t√™m direito a escala 4x3 ? #shorts #formigas #insects #animals","0.0","0.0","1.0","NEU"
"Que p@rr4 de apoio foi esse, T√°bata Amaral? Fim da escala de trabalho 6x1","0.1538","0.6154","0.2308","NEG"
